Year,mean rainfall,Crop,Value(hg/ha),Fertilizer,Value(tonnes)
1990,33.43,"Almonds, with shell",16667.0,Nitrogen,439400.0
1990,33.43,"Almonds, with shell",16667.0,Phosphate,583783.6
1990,33.43,"Almonds, with shell",16667.0,Potassium,145373.54
1990,33.43,Apples,151376.0,Nitrogen,439400.0
1990,33.43,Apples,151376.0,Phosphate,583783.6
1990,33.43,Apples,151376.0,Potassium,145373.54
1990,33.43,Barley,16766.0,Nitrogen,439400.0
1990,33.43,Barley,16766.0,Phosphate,583783.6
1990,33.43,Barley,16766.0,Potassium,145373.54
1990,33.43,Maize,41821.0,Nitrogen,439400.0
1990,33.43,Maize,41821.0,Phosphate,583783.6
1990,33.43,Maize,41821.0,Potassium,145373.54
1990,33.43,Oats,14659.0,Nitrogen,439400.0
1990,33.43,Oats,14659.0,Phosphate,583783.6
1990,33.43,Oats,14659.0,Potassium,145373.54
1990,33.43,Sorghum,24883.0,Nitrogen,439400.0
1990,33.43,Sorghum,24883.0,Phosphate,583783.6
1990,33.43,Sorghum,24883.0,Potassium,145373.54
1990,33.43,Wheat,16344.0,Nitrogen,439400.0
1990,33.43,Wheat,16344.0,Phosphate,583783.6
1990,33.43,Wheat,16344.0,Potassium,145373.54
1991,38.25,"Almonds, with shell",29032.0,Nitrogen,462300.0
1991,38.25,"Almonds, with shell",29032.0,Phosphate,685938.17
1991,38.25,"Almonds, with shell",29032.0,Potassium,142074.14
1991,38.25,Apples,141534.0,Nitrogen,462300.0
1991,38.25,Apples,141534.0,Phosphate,685938.17
1991,38.25,Apples,141534.0,Potassium,142074.14
1991,38.25,Barley,17094.0,Nitrogen,462300.0
1991,38.25,Barley,17094.0,Phosphate,685938.17
1991,38.25,Barley,17094.0,Potassium,142074.14
1991,38.25,Maize,39938.0,Nitrogen,462300.0
1991,38.25,Maize,39938.0,Phosphate,685938.17
1991,38.25,Maize,39938.0,Potassium,142074.14
1991,38.25,Oats,14567.0,Nitrogen,462300.0
1991,38.25,Oats,14567.0,Phosphate,685938.17
1991,38.25,Oats,14567.0,Potassium,142074.14
1991,38.25,Sorghum,19865.0,Nitrogen,462300.0
1991,38.25,Sorghum,19865.0,Phosphate,685938.17
1991,38.25,Sorghum,19865.0,Potassium,142074.14
1991,38.25,Wheat,14698.0,Nitrogen,462300.0
1991,38.25,Wheat,14698.0,Phosphate,685938.17
1991,38.25,Wheat,14698.0,Potassium,142074.14
1992,36.11,"Almonds, with shell",24359.0,Nitrogen,488200.0
1992,36.11,"Almonds, with shell",24359.0,Phosphate,788899.48
1992,36.11,"Almonds, with shell",24359.0,Potassium,147373.17
1992,36.11,Apples,160457.0,Nitrogen,488200.0
1992,36.11,Apples,160457.0,Phosphate,788899.48
1992,36.11,Apples,160457.0,Potassium,147373.17
1992,36.11,Barley,18313.0,Nitrogen,488200.0
1992,36.11,Barley,18313.0,Phosphate,788899.48
1992,36.11,Barley,18313.0,Potassium,147373.17
1992,36.11,Maize,51721.0,Nitrogen,488200.0
1992,36.11,Maize,51721.0,Phosphate,788899.48
1992,36.11,Maize,51721.0,Potassium,147373.17
1992,36.11,Oats,16853.0,Nitrogen,488200.0
1992,36.11,Oats,16853.0,Phosphate,788899.48
1992,36.11,Oats,16853.0,Potassium,147373.17
1992,36.11,Sorghum,25431.0,Nitrogen,488200.0
1992,36.11,Sorghum,25431.0,Phosphate,788899.48
1992,36.11,Sorghum,25431.0,Potassium,147373.17
1992,36.11,Wheat,17812.0,Nitrogen,488200.0
1992,36.11,Wheat,17812.0,Phosphate,788899.48
1992,36.11,Wheat,17812.0,Potassium,147373.17
1993,39.47,"Almonds, with shell",21739.0,Nitrogen,565400.0
1993,39.47,"Almonds, with shell",21739.0,Phosphate,776495.72
1993,39.47,"Almonds, with shell",21739.0,Potassium,176067.95
1993,39.47,Apples,166392.0,Nitrogen,565400.0
1993,39.47,Apples,166392.0,Phosphate,776495.72
1993,39.47,Apples,166392.0,Potassium,176067.95
1993,39.47,Barley,19472.0,Nitrogen,565400.0
1993,39.47,Barley,19472.0,Phosphate,776495.72
1993,39.47,Barley,19472.0,Potassium,176067.95
1993,39.47,Maize,44261.0,Nitrogen,565400.0
1993,39.47,Maize,44261.0,Phosphate,776495.72
1993,39.47,Maize,44261.0,Potassium,176067.95
1993,39.47,Oats,17392.0,Nitrogen,565400.0
1993,39.47,Oats,17392.0,Phosphate,776495.72
1993,39.47,Oats,17392.0,Potassium,176067.95
1993,39.47,Sorghum,12834.0,Nitrogen,565400.0
1993,39.47,Sorghum,12834.0,Phosphate,776495.72
1993,39.47,Sorghum,12834.0,Potassium,176067.95
1993,39.47,Wheat,19658.0,Nitrogen,565400.0
1993,39.47,Wheat,19658.0,Phosphate,776495.72
1993,39.47,Wheat,19658.0,Potassium,176067.95
1994,27.34,"Almonds, with shell",23555.0,Nitrogen,583200.0
1994,27.34,"Almonds, with shell",23555.0,Phosphate,930483.9
1994,27.34,"Almonds, with shell",23555.0,Potassium,219560.03
1994,27.34,Apples,155639.0,Nitrogen,583200.0
1994,27.34,Apples,155639.0,Phosphate,930483.9
1994,27.34,Apples,155639.0,Potassium,219560.03
1994,27.34,Barley,11792.0,Nitrogen,583200.0
1994,27.34,Barley,11792.0,Phosphate,930483.9
1994,27.34,Barley,11792.0,Potassium,219560.03
1994,27.34,Maize,46620.0,Nitrogen,583200.0
1994,27.34,Maize,46620.0,Phosphate,930483.9
1994,27.34,Maize,46620.0,Potassium,219560.03
1994,27.34,Oats,10301.0,Nitrogen,583200.0
1994,27.34,Oats,10301.0,Phosphate,930483.9
1994,27.34,Oats,10301.0,Potassium,219560.03
1994,27.34,Sorghum,21697.0,Nitrogen,583200.0
1994,27.34,Sorghum,21697.0,Phosphate,930483.9
1994,27.34,Sorghum,21697.0,Potassium,219560.03
1994,27.34,Wheat,11356.0,Nitrogen,583200.0
1994,27.34,Wheat,11356.0,Phosphate,930483.9
1994,27.34,Wheat,11356.0,Potassium,219560.03
1995,41.7,"Almonds, with shell",26596.0,Nitrogen,671300.0
1995,41.7,"Almonds, with shell",26596.0,Phosphate,973443.27
1995,41.7,"Almonds, with shell",26596.0,Potassium,230757.99
1995,41.7,Apples,160281.0,Nitrogen,671300.0
1995,41.7,Apples,160281.0,Phosphate,973443.27
1995,41.7,Apples,160281.0,Potassium,230757.99
1995,41.7,Barley,18719.0,Nitrogen,671300.0
1995,41.7,Barley,18719.0,Phosphate,973443.27
1995,41.7,Barley,18719.0,Potassium,230757.99
1995,41.7,Maize,48263.0,Nitrogen,671300.0
1995,41.7,Maize,48263.0,Phosphate,973443.27
1995,41.7,Maize,48263.0,Potassium,230757.99
1995,41.7,Oats,16505.0,Nitrogen,671300.0
1995,41.7,Oats,16505.0,Phosphate,973443.27
1995,41.7,Oats,16505.0,Potassium,230757.99
1995,41.7,Sorghum,18555.0,Nitrogen,671300.0
1995,41.7,Sorghum,18555.0,Phosphate,973443.27
1995,41.7,Sorghum,18555.0,Potassium,230757.99
1995,41.7,Wheat,17899.0,Nitrogen,671300.0
1995,41.7,Wheat,17899.0,Phosphate,973443.27
1995,41.7,Wheat,17899.0,Potassium,230757.99
1996,37.62,"Almonds, with shell",27484.0,Nitrogen,824600.0
1996,37.62,"Almonds, with shell",27484.0,Phosphate,993611.99
1996,37.62,"Almonds, with shell",27484.0,Potassium,205962.51
1996,37.62,Apples,141847.0,Nitrogen,824600.0
1996,37.62,Apples,141847.0,Phosphate,993611.99
1996,37.62,Apples,141847.0,Potassium,205962.51
1996,37.62,Barley,19887.0,Nitrogen,824600.0
1996,37.62,Barley,19887.0,Phosphate,993611.99
1996,37.62,Barley,19887.0,Potassium,205962.51
1996,37.62,Maize,57689.0,Nitrogen,824600.0
1996,37.62,Maize,57689.0,Phosphate,993611.99
1996,37.62,Maize,57689.0,Potassium,205962.51
1996,37.62,Oats,15713.0,Nitrogen,824600.0
1996,37.62,Oats,15713.0,Phosphate,993611.99
1996,37.62,Oats,15713.0,Potassium,205962.51
1996,37.62,Sorghum,20677.0,Nitrogen,824600.0
1996,37.62,Sorghum,20677.0,Phosphate,993611.99
1996,37.62,Sorghum,20677.0,Potassium,205962.51
1996,37.62,Wheat,21673.0,Nitrogen,824600.0
1996,37.62,Wheat,21673.0,Phosphate,993611.99
1996,37.62,Wheat,21673.0,Potassium,205962.51
1997,40.55,"Almonds, with shell",31250.0,Nitrogen,839400.0
1997,40.55,"Almonds, with shell",31250.0,Phosphate,1099296.08
1997,40.55,"Almonds, with shell",31250.0,Potassium,254553.66
1997,40.55,Apples,178724.0,Nitrogen,839400.0
1997,40.55,Apples,178724.0,Phosphate,1099296.08
1997,40.55,Apples,178724.0,Potassium,254553.66
1997,40.55,Barley,18410.0,Nitrogen,839400.0
1997,40.55,Barley,18410.0,Phosphate,1099296.08
1997,40.55,Barley,18410.0,Potassium,254553.66
1997,40.55,Maize,59403.0,Nitrogen,839400.0
1997,40.55,Maize,59403.0,Phosphate,1099296.08
1997,40.55,Maize,59403.0,Potassium,254553.66
1997,40.55,Oats,17439.0,Nitrogen,839400.0
1997,40.55,Oats,17439.0,Phosphate,1099296.08
1997,40.55,Oats,17439.0,Potassium,254553.66
1997,40.55,Sorghum,26195.0,Nitrogen,839400.0
1997,40.55,Sorghum,26195.0,Phosphate,1099296.08
1997,40.55,Sorghum,26195.0,Potassium,254553.66
1997,40.55,Wheat,18412.0,Nitrogen,839400.0
1997,40.55,Wheat,18412.0,Phosphate,1099296.08
1997,40.55,Wheat,18412.0,Potassium,254553.66
1998,44.91,"Almonds, with shell",36082.0,Nitrogen,979000.0
1998,44.91,"Almonds, with shell",36082.0,Phosphate,1047765.0
1998,44.91,"Almonds, with shell",36082.0,Potassium,231957.78
1998,44.91,Apples,156304.0,Nitrogen,979000.0
1998,44.91,Apples,156304.0,Phosphate,1047765.0
1998,44.91,Apples,156304.0,Potassium,231957.78
1998,44.91,Barley,18904.0,Nitrogen,979000.0
1998,44.91,Barley,18904.0,Phosphate,1047765.0
1998,44.91,Barley,18904.0,Potassium,231957.78
1998,44.91,Maize,47544.0,Nitrogen,979000.0
1998,44.91,Maize,47544.0,Phosphate,1047765.0
1998,44.91,Maize,47544.0,Potassium,231957.78
1998,44.91,Oats,19780.0,Nitrogen,979000.0
1998,44.91,Oats,19780.0,Phosphate,1047765.0
1998,44.91,Oats,19780.0,Potassium,231957.78
1998,44.91,Sorghum,21321.0,Nitrogen,979000.0
1998,44.91,Sorghum,21321.0,Phosphate,1047765.0
1998,44.91,Sorghum,21321.0,Potassium,231957.78
1998,44.91,Wheat,19153.0,Nitrogen,979000.0
1998,44.91,Wheat,19153.0,Phosphate,1047765.0
1998,44.91,Wheat,19153.0,Potassium,231957.78
1999,45.99,"Almonds, with shell",36000.0,Nitrogen,1082000.0
1999,45.99,"Almonds, with shell",36000.0,Phosphate,1063899.98
1999,45.99,"Almonds, with shell",36000.0,Potassium,215960.69
1999,45.99,Apples,169207.0,Nitrogen,1082000.0
1999,45.99,Apples,169207.0,Phosphate,1063899.98
1999,45.99,Apples,169207.0,Potassium,215960.69
1999,45.99,Barley,19479.0,Nitrogen,1082000.0
1999,45.99,Barley,19479.0,Phosphate,1063899.98
1999,45.99,Barley,19479.0,Potassium,215960.69
1999,45.99,Maize,51212.0,Nitrogen,1082000.0
1999,45.99,Maize,51212.0,Phosphate,1063899.98
1999,45.99,Maize,51212.0,Potassium,215960.69
1999,45.99,Oats,19144.0,Nitrogen,1082000.0
1999,45.99,Oats,19144.0,Phosphate,1063899.98
1999,45.99,Oats,19144.0,Potassium,215960.69
1999,45.99,Sorghum,32215.0,Nitrogen,1082000.0
1999,45.99,Sorghum,32215.0,Phosphate,1063899.98
1999,45.99,Sorghum,32215.0,Potassium,215960.69
1999,45.99,Wheat,20066.0,Nitrogen,1082000.0
1999,45.99,Wheat,20066.0,Phosphate,1063899.98
1999,45.99,Wheat,20066.0,Potassium,215960.69
2000,55.88,"Almonds, with shell",35959.0,Nitrogen,951000.0
2000,55.88,"Almonds, with shell",35959.0,Phosphate,1116338.65
2000,55.88,"Almonds, with shell",35959.0,Potassium,216960.51
2000,55.88,Apples,162260.0,Nitrogen,951000.0
2000,55.88,Apples,162260.0,Phosphate,1116338.65
2000,55.88,Apples,162260.0,Potassium,216960.51
2000,55.88,Barley,19522.0,Nitrogen,951000.0
2000,55.88,Barley,19522.0,Phosphate,1116338.65
2000,55.88,Barley,19522.0,Potassium,216960.51
2000,55.88,Maize,49360.0,Nitrogen,951000.0
2000,55.88,Maize,49360.0,Phosphate,1116338.65
2000,55.88,Maize,49360.0,Potassium,216960.51
2000,55.88,Oats,16154.0,Nitrogen,951000.0
2000,55.88,Oats,16154.0,Phosphate,1116338.65
2000,55.88,Oats,16154.0,Potassium,216960.51
2000,55.88,Sorghum,34003.0,Nitrogen,951000.0
2000,55.88,Sorghum,34003.0,Phosphate,1116338.65
2000,55.88,Sorghum,34003.0,Potassium,216960.51
2000,55.88,Wheat,18209.0,Nitrogen,951000.0
2000,55.88,Wheat,18209.0,Phosphate,1116338.65
2000,55.88,Wheat,18209.0,Potassium,216960.51
2001,43.71,"Almonds, with shell",93185.0,Nitrogen,1034000.0
2001,43.71,"Almonds, with shell",93185.0,Phosphate,1197013.53
2001,43.71,"Almonds, with shell",93185.0,Potassium,241955.96
2001,43.71,Apples,121067.0,Nitrogen,1034000.0
2001,43.71,Apples,121067.0,Phosphate,1197013.53
2001,43.71,Apples,121067.0,Potassium,241955.96
2001,43.71,Barley,19523.0,Nitrogen,1034000.0
2001,43.71,Barley,19523.0,Phosphate,1197013.53
2001,43.71,Barley,19523.0,Potassium,241955.96
2001,43.71,Maize,46471.0,Nitrogen,1034000.0
2001,43.71,Maize,46471.0,Phosphate,1197013.53
2001,43.71,Maize,46471.0,Potassium,241955.96
2001,43.71,Oats,16139.0,Nitrogen,1034000.0
2001,43.71,Oats,16139.0,Phosphate,1197013.53
2001,43.71,Oats,16139.0,Potassium,241955.96
2001,43.71,Sorghum,25539.0,Nitrogen,1034000.0
2001,43.71,Sorghum,25539.0,Phosphate,1197013.53
2001,43.71,Sorghum,25539.0,Potassium,241955.96
2001,43.71,Wheat,18209.0,Nitrogen,1034000.0
2001,43.71,Wheat,18209.0,Phosphate,1197013.53
2001,43.71,Wheat,18209.0,Potassium,241955.96
2002,26.74,"Almonds, with shell",75541.0,Nitrogen,972266.0
2002,26.74,"Almonds, with shell",75541.0,Phosphate,1078107.47
2002,26.74,"Almonds, with shell",75541.0,Potassium,215566.78
2002,26.74,Apples,131938.0,Nitrogen,972266.0
2002,26.74,Apples,131938.0,Phosphate,1078107.47
2002,26.74,Apples,131938.0,Potassium,215566.78
2002,26.74,Barley,22333.0,Nitrogen,972266.0
2002,26.74,Barley,22333.0,Phosphate,1078107.47
2002,26.74,Barley,22333.0,Potassium,215566.78
2002,26.74,Maize,54929.0,Nitrogen,972266.0
2002,26.74,Maize,54929.0,Phosphate,1078107.47
2002,26.74,Maize,54929.0,Potassium,215566.78
2002,26.74,Oats,18284.0,Nitrogen,972266.0
2002,26.74,Oats,18284.0,Phosphate,1078107.47
2002,26.74,Oats,18284.0,Potassium,215566.78
2002,26.74,Sorghum,24561.0,Nitrogen,972266.0
2002,26.74,Sorghum,24561.0,Phosphate,1078107.47
2002,26.74,Sorghum,24561.0,Potassium,215566.78
2002,26.74,Wheat,21076.0,Nitrogen,972266.0
2002,26.74,Wheat,21076.0,Phosphate,1078107.47
2002,26.74,Wheat,21076.0,Potassium,215566.78
2003,37.74,"Almonds, with shell",62447.0,Nitrogen,932911.0
2003,37.74,"Almonds, with shell",62447.0,Phosphate,1020122.4
2003,37.74,"Almonds, with shell",62447.0,Potassium,220720.06
2003,37.74,Apples,155272.0,Nitrogen,932911.0
2003,37.74,Apples,155272.0,Phosphate,1020122.4
2003,37.74,Apples,155272.0,Potassium,220720.06
2003,37.74,Barley,10003.0,Nitrogen,932911.0
2003,37.74,Barley,10003.0,Phosphate,1020122.4
2003,37.74,Barley,10003.0,Potassium,220720.06
2003,37.74,Maize,62570.0,Nitrogen,932911.0
2003,37.74,Maize,62570.0,Phosphate,1020122.4
2003,37.74,Maize,62570.0,Potassium,220720.06
2003,37.74,Oats,10501.0,Nitrogen,932911.0
2003,37.74,Oats,10501.0,Phosphate,1020122.4
2003,37.74,Oats,10501.0,Potassium,220720.06
2003,37.74,Sorghum,21966.0,Nitrogen,932911.0
2003,37.74,Sorghum,21966.0,Phosphate,1020122.4
2003,37.74,Sorghum,21966.0,Potassium,220720.06
2003,37.74,Wheat,9070.0,Nitrogen,932911.0
2003,37.74,Wheat,9070.0,Phosphate,1020122.4
2003,37.74,Wheat,9070.0,Potassium,220720.06
2004,39.38,"Almonds, with shell",50069.0,Nitrogen,1056527.0
2004,39.38,"Almonds, with shell",50069.0,Phosphate,1116984.97
2004,39.38,"Almonds, with shell",50069.0,Potassium,258764.94
2004,39.38,Apples,139162.0,Nitrogen,1056527.0
2004,39.38,Apples,139162.0,Phosphate,1116984.97
2004,39.38,Apples,139162.0,Potassium,258764.94
2004,39.38,Barley,23189.0,Nitrogen,1056527.0
2004,39.38,Barley,23189.0,Phosphate,1116984.97
2004,39.38,Barley,23189.0,Potassium,258764.94
2004,39.38,Maize,56326.0,Nitrogen,1056527.0
2004,39.38,Maize,56326.0,Phosphate,1116984.97
2004,39.38,Maize,56326.0,Potassium,258764.94
2004,39.38,Oats,18527.0,Nitrogen,1056527.0
2004,39.38,Oats,18527.0,Phosphate,1116984.97
2004,39.38,Oats,18527.0,Potassium,258764.94
2004,39.38,Sorghum,27367.0,Nitrogen,1056527.0
2004,39.38,Sorghum,27367.0,Phosphate,1116984.97
2004,39.38,Sorghum,27367.0,Potassium,258764.94
2004,39.38,Wheat,19998.0,Nitrogen,1056527.0
2004,39.38,Wheat,19998.0,Phosphate,1116984.97
2004,39.38,Wheat,19998.0,Potassium,258764.94
2005,33.71,"Almonds, with shell",63799.0,Nitrogen,952174.0
2005,33.71,"Almonds, with shell",63799.0,Phosphate,1041739.6
2005,33.71,"Almonds, with shell",63799.0,Potassium,222064.4
2005,33.71,Apples,220805.0,Nitrogen,952174.0
2005,33.71,Apples,220805.0,Phosphate,1041739.6
2005,33.71,Apples,220805.0,Potassium,222064.4
2005,33.71,Barley,16660.0,Nitrogen,952174.0
2005,33.71,Barley,16660.0,Phosphate,1041739.6
2005,33.71,Barley,16660.0,Potassium,222064.4
2005,33.71,Maize,57983.0,Nitrogen,952174.0
2005,33.71,Maize,57983.0,Phosphate,1041739.6
2005,33.71,Maize,57983.0,Potassium,222064.4
2005,33.71,Oats,14352.0,Nitrogen,952174.0
2005,33.71,Oats,14352.0,Phosphate,1041739.6
2005,33.71,Oats,14352.0,Potassium,222064.4
2005,33.71,Sorghum,26629.0,Nitrogen,952174.0
2005,33.71,Sorghum,26629.0,Phosphate,1041739.6
2005,33.71,Sorghum,26629.0,Potassium,222064.4
2005,33.71,Wheat,16348.0,Nitrogen,952174.0
2005,33.71,Wheat,16348.0,Phosphate,1041739.6
2005,33.71,Wheat,16348.0,Potassium,222064.4
2006,38.03,"Almonds, with shell",50158.0,Nitrogen,858103.0
2006,38.03,"Almonds, with shell",50158.0,Phosphate,992262.06
2006,38.03,"Almonds, with shell",50158.0,Potassium,223507.51
2006,38.03,Apples,150626.0,Nitrogen,858103.0
2006,38.03,Apples,150626.0,Phosphate,992262.06
2006,38.03,Apples,150626.0,Potassium,223507.51
2006,38.03,Barley,21521.0,Nitrogen,858103.0
2006,38.03,Barley,21521.0,Phosphate,992262.06
2006,38.03,Barley,21521.0,Potassium,223507.51
2006,38.03,Maize,53856.0,Nitrogen,858103.0
2006,38.03,Maize,53856.0,Phosphate,992262.06
2006,38.03,Maize,53856.0,Potassium,223507.51
2006,38.03,Oats,18145.0,Nitrogen,858103.0
2006,38.03,Oats,18145.0,Phosphate,992262.06
2006,38.03,Oats,18145.0,Potassium,223507.51
2006,38.03,Sorghum,25205.0,Nitrogen,858103.0
2006,38.03,Sorghum,25205.0,Phosphate,992262.06
2006,38.03,Sorghum,25205.0,Potassium,223507.51
2006,38.03,Wheat,20213.0,Nitrogen,858103.0
2006,38.03,Wheat,20213.0,Phosphate,992262.06
2006,38.03,Wheat,20213.0,Potassium,223507.51
2007,41.0,"Almonds, with shell",62393.0,Nitrogen,848006.0
2007,41.0,"Almonds, with shell",62393.0,Phosphate,990348.33
2007,41.0,"Almonds, with shell",62393.0,Potassium,227347.77
2007,41.0,Apples,188990.0,Nitrogen,848006.0
2007,41.0,Apples,188990.0,Phosphate,990348.33
2007,41.0,Apples,188990.0,Potassium,227347.77
2007,41.0,Barley,10179.0,Nitrogen,848006.0
2007,41.0,Barley,10179.0,Phosphate,990348.33
2007,41.0,Barley,10179.0,Potassium,227347.77
2007,41.0,Maize,49103.0,Nitrogen,848006.0
2007,41.0,Maize,49103.0,Phosphate,990348.33
2007,41.0,Maize,49103.0,Potassium,227347.77
2007,41.0,Oats,7463.0,Nitrogen,848006.0
2007,41.0,Oats,7463.0,Phosphate,990348.33
2007,41.0,Oats,7463.0,Potassium,227347.77
2007,41.0,Sorghum,20918.0,Nitrogen,848006.0
2007,41.0,Sorghum,20918.0,Phosphate,990348.33
2007,41.0,Sorghum,20918.0,Potassium,227347.77
2007,41.0,Wheat,9173.0,Nitrogen,848006.0
2007,41.0,Wheat,9173.0,Phosphate,990348.33
2007,41.0,Wheat,9173.0,Potassium,227347.77
2008,37.98,"Almonds, with shell",47782.0,Nitrogen,835018.0
2008,37.98,"Almonds, with shell",47782.0,Phosphate,825184.84
2008,37.98,"Almonds, with shell",47782.0,Potassium,213618.95
2008,37.98,Apples,161475.0,Nitrogen,835018.0
2008,37.98,Apples,161475.0,Phosphate,825184.84
2008,37.98,Apples,161475.0,Potassium,213618.95
2008,37.98,Barley,14607.0,Nitrogen,835018.0
2008,37.98,Barley,14607.0,Phosphate,825184.84
2008,37.98,Barley,14607.0,Potassium,213618.95
2008,37.98,Maize,56912.0,Nitrogen,835018.0
2008,37.98,Maize,56912.0,Phosphate,825184.84
2008,37.98,Maize,56912.0,Potassium,213618.95
2008,37.98,Oats,12137.0,Nitrogen,835018.0
2008,37.98,Oats,12137.0,Phosphate,825184.84
2008,37.98,Oats,12137.0,Potassium,213618.95
2008,37.98,Sorghum,40252.0,Nitrogen,835018.0
2008,37.98,Sorghum,40252.0,Phosphate,825184.84
2008,37.98,Sorghum,40252.0,Potassium,213618.95
2008,37.98,Wheat,10788.0,Nitrogen,835018.0
2008,37.98,Wheat,10788.0,Phosphate,825184.84
2008,37.98,Wheat,10788.0,Potassium,213618.95
2009,36.56,"Almonds, with shell",46035.0,Nitrogen,849785.0
2009,36.56,"Almonds, with shell",46035.0,Phosphate,647005.66
2009,36.56,"Almonds, with shell",46035.0,Potassium,156890.72
2009,36.56,Apples,134152.0,Nitrogen,849785.0
2009,36.56,Apples,134152.0,Phosphate,647005.66
2009,36.56,Apples,134152.0,Potassium,156890.72
2009,36.56,Barley,15945.0,Nitrogen,849785.0
2009,36.56,Barley,15945.0,Phosphate,647005.66
2009,36.56,Barley,15945.0,Potassium,156890.72
2009,36.56,Maize,58171.0,Nitrogen,849785.0
2009,36.56,Maize,58171.0,Phosphate,647005.66
2009,36.56,Maize,58171.0,Potassium,156890.72
2009,36.56,Oats,13329.0,Nitrogen,849785.0
2009,36.56,Oats,13329.0,Phosphate,647005.66
2009,36.56,Oats,13329.0,Potassium,156890.72
2009,36.56,Sorghum,35096.0,Nitrogen,849785.0
2009,36.56,Sorghum,35096.0,Phosphate,647005.66
2009,36.56,Sorghum,35096.0,Potassium,156890.72
2009,36.56,Wheat,15831.0,Nitrogen,849785.0
2009,36.56,Wheat,15831.0,Phosphate,647005.66
2009,36.56,Wheat,15831.0,Potassium,156890.72
2010,53.48,"Almonds, with shell",36181.0,Nitrogen,981787.0
2010,53.48,"Almonds, with shell",36181.0,Phosphate,823642.39
2010,53.48,"Almonds, with shell",36181.0,Potassium,166121.57
2010,53.48,Apples,157457.0,Nitrogen,981787.0
2010,53.48,Apples,157457.0,Phosphate,823642.39
2010,53.48,Apples,157457.0,Potassium,166121.57
2010,53.48,Barley,17787.0,Nitrogen,981787.0
2010,53.48,Barley,17787.0,Phosphate,823642.39
2010,53.48,Barley,17787.0,Potassium,166121.57
2010,53.48,Maize,55593.0,Nitrogen,981787.0
2010,53.48,Maize,55593.0,Phosphate,823642.39
2010,53.48,Maize,55593.0,Potassium,166121.57
2010,53.48,Oats,13665.0,Nitrogen,981787.0
2010,53.48,Oats,13665.0,Phosphate,823642.39
2010,53.48,Oats,13665.0,Potassium,166121.57
2010,53.48,Sorghum,30279.0,Nitrogen,981787.0
2010,53.48,Sorghum,30279.0,Phosphate,823642.39
2010,53.48,Sorghum,30279.0,Potassium,166121.57
2010,53.48,Wheat,15729.0,Nitrogen,981787.0
2010,53.48,Wheat,15729.0,Phosphate,823642.39
2010,53.48,Wheat,15729.0,Potassium,166121.57
2011,55.14,"Almonds, with shell",32300.0,Nitrogen,1098921.0
2011,55.14,"Almonds, with shell",32300.0,Phosphate,880364.63
2011,55.14,"Almonds, with shell",32300.0,Potassium,179619.11
2011,55.14,Apples,159541.0,Nitrogen,1098921.0
2011,55.14,Apples,159541.0,Phosphate,880364.63
2011,55.14,Apples,159541.0,Potassium,179619.11
2011,55.14,Barley,21719.0,Nitrogen,1098921.0
2011,55.14,Barley,21719.0,Phosphate,880364.63
2011,55.14,Barley,21719.0,Potassium,179619.11
2011,55.14,Maize,57390.0,Nitrogen,1098921.0
2011,55.14,Maize,57390.0,Phosphate,880364.63
2011,55.14,Maize,57390.0,Potassium,179619.11
2011,55.14,Oats,13652.0,Nitrogen,1098921.0
2011,55.14,Oats,13652.0,Phosphate,880364.63
2011,55.14,Oats,13652.0,Potassium,179619.11
2011,55.14,Sorghum,30558.0,Nitrogen,1098921.0
2011,55.14,Sorghum,30558.0,Phosphate,880364.63
2011,55.14,Sorghum,30558.0,Potassium,179619.11
2011,55.14,Wheat,20301.0,Nitrogen,1098921.0
2011,55.14,Wheat,20301.0,Phosphate,880364.63
2011,55.14,Wheat,20301.0,Potassium,179619.11
2012,38.22,"Almonds, with shell",41907.0,Nitrogen,1124607.0
2012,38.22,"Almonds, with shell",41907.0,Phosphate,883685.59
2012,38.22,"Almonds, with shell",41907.0,Potassium,188033.24
2012,38.22,Apples,160093.0,Nitrogen,1124607.0
2012,38.22,Apples,160093.0,Phosphate,883685.59
2012,38.22,Apples,160093.0,Potassium,188033.24
2012,38.22,Barley,22109.0,Nitrogen,1124607.0
2012,38.22,Barley,22109.0,Phosphate,883685.59
2012,38.22,Barley,22109.0,Potassium,188033.24
2012,38.22,Maize,64654.0,Nitrogen,1124607.0
2012,38.22,Maize,64654.0,Phosphate,883685.59
2012,38.22,Maize,64654.0,Potassium,188033.24
2012,38.22,Oats,17261.0,Nitrogen,1124607.0
2012,38.22,Oats,17261.0,Phosphate,883685.59
2012,38.22,Oats,17261.0,Potassium,188033.24
2012,38.22,Sorghum,33960.0,Nitrogen,1124607.0
2012,38.22,Sorghum,33960.0,Phosphate,883685.59
2012,38.22,Sorghum,33960.0,Potassium,188033.24
2012,38.22,Wheat,21511.0,Nitrogen,1124607.0
2012,38.22,Wheat,21511.0,Phosphate,883685.59
2012,38.22,Wheat,21511.0,Potassium,188033.24
2013,34.84,"Almonds, with shell",56531.0,Nitrogen,1222075.0
2013,34.84,"Almonds, with shell",56531.0,Phosphate,842369.51
2013,34.84,"Almonds, with shell",56531.0,Potassium,209544.99
2013,34.84,Apples,160354.0,Nitrogen,1222075.0
2013,34.84,Apples,160354.0,Phosphate,842369.51
2013,34.84,Apples,160354.0,Potassium,209544.99
2013,34.84,Barley,20502.0,Nitrogen,1222075.0
2013,34.84,Barley,20502.0,Phosphate,842369.51
2013,34.84,Barley,20502.0,Potassium,209544.99
2013,34.84,Maize,64441.0,Nitrogen,1222075.0
2013,34.84,Maize,64441.0,Phosphate,842369.51
2013,34.84,Maize,64441.0,Potassium,209544.99
2013,34.84,Oats,15388.0,Nitrogen,1222075.0
2013,34.84,Oats,15388.0,Phosphate,842369.51
2013,34.84,Oats,15388.0,Potassium,209544.99
2013,34.84,Sorghum,34419.0,Nitrogen,1222075.0
2013,34.84,Sorghum,34419.0,Phosphate,842369.51
2013,34.84,Sorghum,34419.0,Potassium,209544.99
2013,34.84,Wheat,17609.0,Nitrogen,1222075.0
2013,34.84,Wheat,17609.0,Phosphate,842369.51
2013,34.84,Wheat,17609.0,Potassium,209544.99
2014,37.65,"Almonds, with shell",54337.0,Nitrogen,1404588.0
2014,37.65,"Almonds, with shell",54337.0,Phosphate,908282.26
2014,37.65,"Almonds, with shell",54337.0,Potassium,231506.05
2014,37.65,Apples,159705.0,Nitrogen,1404588.0
2014,37.65,Apples,159705.0,Phosphate,908282.26
2014,37.65,Apples,159705.0,Potassium,231506.05
2014,37.65,Barley,24054.0,Nitrogen,1404588.0
2014,37.65,Barley,24054.0,Phosphate,908282.26
2014,37.65,Barley,24054.0,Potassium,231506.05
2014,37.65,Maize,74554.0,Nitrogen,1404588.0
2014,37.65,Maize,74554.0,Phosphate,908282.26
2014,37.65,Maize,74554.0,Potassium,231506.05
2014,37.65,Oats,17555.0,Nitrogen,1404588.0
2014,37.65,Oats,17555.0,Phosphate,908282.26
2014,37.65,Oats,17555.0,Potassium,231506.05
2014,37.65,Sorghum,24099.0,Nitrogen,1404588.0
2014,37.65,Sorghum,24099.0,Phosphate,908282.26
2014,37.65,Sorghum,24099.0,Potassium,231506.05
2014,37.65,Wheat,20061.0,Nitrogen,1404588.0
2014,37.65,Wheat,20061.0,Phosphate,908282.26
2014,37.65,Wheat,20061.0,Potassium,231506.05
2015,35.14,"Almonds, with shell",55090.0,Nitrogen,1302762.0
2015,35.14,"Almonds, with shell",55090.0,Phosphate,928054.48
2015,35.14,"Almonds, with shell",55090.0,Potassium,239894.89
2015,35.14,Apples,159496.0,Nitrogen,1302762.0
2015,35.14,Apples,159496.0,Phosphate,928054.48
2015,35.14,Apples,159496.0,Potassium,239894.89
2015,35.14,Barley,21202.0,Nitrogen,1302762.0
2015,35.14,Barley,21202.0,Phosphate,928054.48
2015,35.14,Barley,21202.0,Potassium,239894.89
2015,35.14,Maize,83001.0,Nitrogen,1302762.0
2015,35.14,Maize,83001.0,Phosphate,928054.48
2015,35.14,Maize,83001.0,Potassium,239894.89
2015,35.14,Oats,14021.0,Nitrogen,1302762.0
2015,35.14,Oats,14021.0,Phosphate,928054.48
2015,35.14,Oats,14021.0,Potassium,239894.89
2015,35.14,Sorghum,30160.0,Nitrogen,1302762.0
2015,35.14,Sorghum,30160.0,Phosphate,928054.48
2015,35.14,Sorghum,30160.0,Potassium,239894.89
2015,35.14,Wheat,19172.0,Nitrogen,1302762.0
2015,35.14,Wheat,19172.0,Phosphate,928054.48
2015,35.14,Wheat,19172.0,Potassium,239894.89
2016,44.84,"Almonds, with shell",61170.0,Nitrogen,1474114.0
2016,44.84,"Almonds, with shell",61170.0,Phosphate,948200.28
2016,44.84,"Almonds, with shell",61170.0,Potassium,255367.97
2016,44.84,Apples,159616.0,Nitrogen,1474114.0
2016,44.84,Apples,159616.0,Phosphate,948200.28
2016,44.84,Apples,159616.0,Potassium,255367.97
2016,44.84,Barley,21892.0,Nitrogen,1474114.0
2016,44.84,Barley,21892.0,Phosphate,948200.28
2016,44.84,Barley,21892.0,Potassium,255367.97
2016,44.84,Maize,75080.0,Nitrogen,1474114.0
2016,44.84,Maize,75080.0,Phosphate,948200.28
2016,44.84,Maize,75080.0,Potassium,255367.97
2016,44.84,Oats,15821.0,Nitrogen,1474114.0
2016,44.84,Oats,15821.0,Phosphate,948200.28
2016,44.84,Oats,15821.0,Potassium,255367.97
2016,44.84,Sorghum,34399.0,Nitrogen,1474114.0
2016,44.84,Sorghum,34399.0,Phosphate,948200.28
2016,44.84,Sorghum,34399.0,Potassium,255367.97
2016,44.84,Wheat,19743.0,Nitrogen,1474114.0
2016,44.84,Wheat,19743.0,Phosphate,948200.28
2016,44.84,Wheat,19743.0,Potassium,255367.97
2017,38.71,"Almonds, with shell",63513.0,Nitrogen,1493809.0
2017,38.71,"Almonds, with shell",63513.0,Phosphate,979986.65
2017,38.71,"Almonds, with shell",63513.0,Potassium,273126.19
2017,38.71,Apples,159448.0,Nitrogen,1493809.0
2017,38.71,Apples,159448.0,Phosphate,979986.65
2017,38.71,Apples,159448.0,Potassium,273126.19
2017,38.71,Barley,27939.0,Nitrogen,1493809.0
2017,38.71,Barley,27939.0,Phosphate,979986.65
2017,38.71,Barley,27939.0,Potassium,273126.19
2017,38.71,Maize,64363.0,Nitrogen,1493809.0
2017,38.71,Maize,64363.0,Phosphate,979986.65
2017,38.71,Maize,64363.0,Potassium,273126.19
2017,38.71,Oats,22041.0,Nitrogen,1493809.0
2017,38.71,Oats,22041.0,Phosphate,979986.65
2017,38.71,Oats,22041.0,Potassium,273126.19
2017,38.71,Sorghum,27017.0,Nitrogen,1493809.0
2017,38.71,Sorghum,27017.0,Phosphate,979986.65
2017,38.71,Sorghum,27017.0,Potassium,273126.19
2017,38.71,Wheat,26100.0,Nitrogen,1493809.0
2017,38.71,Wheat,26100.0,Phosphate,979986.65
2017,38.71,Wheat,26100.0,Potassium,273126.19
2018,32.54,"Almonds, with shell",55164.0,Nitrogen,1411216.0
2018,32.54,"Almonds, with shell",55164.0,Phosphate,954830.75
2018,32.54,"Almonds, with shell",55164.0,Potassium,293693.53
2018,32.54,Apples,159271.0,Nitrogen,1411216.0
2018,32.54,Apples,159271.0,Phosphate,954830.75
2018,32.54,Apples,159271.0,Potassium,293693.53
2018,32.54,Barley,22438.0,Nitrogen,1411216.0
2018,32.54,Barley,22438.0,Phosphate,954830.75
2018,32.54,Barley,22438.0,Potassium,293693.53
2018,32.54,Maize,73365.0,Nitrogen,1411216.0
2018,32.54,Maize,73365.0,Phosphate,954830.75
2018,32.54,Maize,73365.0,Potassium,293693.53
2018,32.54,Oats,14046.0,Nitrogen,1411216.0
2018,32.54,Oats,14046.0,Phosphate,954830.75
2018,32.54,Oats,14046.0,Potassium,293693.53
2018,32.54,Sorghum,27201.0,Nitrogen,1411216.0
2018,32.54,Sorghum,27201.0,Phosphate,954830.75
2018,32.54,Sorghum,27201.0,Potassium,293693.53
2018,32.54,Wheat,19178.0,Nitrogen,1411216.0
2018,32.54,Wheat,19178.0,Phosphate,954830.75
2018,32.54,Wheat,19178.0,Potassium,293693.53
2019,22.51,"Almonds, with shell",55932.0,Nitrogen,1337593.0
2019,22.51,"Almonds, with shell",55932.0,Phosphate,957503.11
2019,22.51,"Almonds, with shell",55932.0,Potassium,288016.25
2019,22.51,Apples,159288.0,Nitrogen,1337593.0
2019,22.51,Apples,159288.0,Phosphate,957503.11
2019,22.51,Apples,159288.0,Potassium,288016.25
2019,22.51,Barley,19878.0,Nitrogen,1337593.0
2019,22.51,Barley,19878.0,Phosphate,957503.11
2019,22.51,Barley,19878.0,Potassium,288016.25
2019,22.51,Maize,55507.0,Nitrogen,1337593.0
2019,22.51,Maize,55507.0,Phosphate,957503.11
2019,22.51,Maize,55507.0,Potassium,288016.25
2019,22.51,Oats,12094.0,Nitrogen,1337593.0
2019,22.51,Oats,12094.0,Phosphate,957503.11
2019,22.51,Oats,12094.0,Potassium,288016.25
2019,22.51,Sorghum,21089.0,Nitrogen,1337593.0
2019,22.51,Sorghum,21089.0,Phosphate,957503.11
2019,22.51,Sorghum,21089.0,Potassium,288016.25
2019,22.51,Wheat,16917.0,Nitrogen,1337593.0
2019,22.51,Wheat,16917.0,Phosphate,957503.11
2019,22.51,Wheat,16917.0,Potassium,288016.25
